R#,NAME,TOTAL,POS,TEAM,GP,PTS,OREB,DREB,AST,STL,BLK,3:00 PM,FGM,FGA,FTM,FTA,TO,DD,TD
1,Nikola Jokic,66.08,C,DEN,72,26.2,2.4,10.2,8.7,1.3,0.8,1.1,9.9,15.9,5.4,6.5,4,0.9,0.3
2,Luka Doncic,61.1,PG,DAL,64,32.1,0.8,8.4,8.5,1.2,0.5,3.2,10.8,22,7.4,9.5,3.8,0.6,0.2
3,Joel Embiid,59.18,C,PHI,67,32.6,1.8,8.4,4.2,1.1,1.6,1.2,10.8,20,9.9,11.9,3.3,0.6,0
4,Giannis Antetokounmpo,56.17,"PF,C",MIL,65,28.3,2.1,9.6,5.7,1.1,1,0.9,9.7,17.1,8,11.8,3.4,0.7,0.1
5,Tyrese Haliburton,54.92,"PG,SG",IND,73,23.3,0.7,3.2,10.5,1.7,0.4,2.8,9,18.4,2.6,3,2.6,0.4,0
6,Anthony Davis,54.3,"PF,C",LAL,60,24.3,3.1,8.1,2.8,1.1,2.1,0.3,9.3,17,5.3,7,2.1,0.6,0
7,Domantas Sabonis,53.17,"PF,C",SAC,72,19.5,3.2,9.1,7.3,0.9,0.5,0.5,7.4,12.2,4.1,5.5,3,0.8,0.1
8,Jayson Tatum,51.46,"SF,PF",BOS,75,29.8,1,7.2,4.8,1.1,0.7,3.3,10,21.1,6.6,7.7,3,0.4,0
9,Devin Booker,51.16,"SG,SF",PHO,68,27.2,0.8,4.2,8.3,1.1,0.4,2.3,9.8,20.1,5.3,6.1,2.6,0.1,0
10,LaMelo Ball,50.71,"PG,SG",CHA,69,22.4,1.1,5.2,9.4,1.7,0.4,3.6,7.9,18.4,3.1,3.7,3.7,0.4,0.1
11,Shai Gilgeous-Alexander,50.01,"PG,SG",OKC,67,29.6,0.8,4.2,5.6,1.5,0.9,1,9.7,20,9.2,10.4,2.9,0.1,0
12,Scottie Barnes,48.29,"SF,PF",TOR,76,20.5,2.8,6.1,5.8,1.1,1,1.4,7.9,16.4,3.3,4.2,2.1,0.2,0
13,Stephen Curry,47.38,"PG,SG",GS,65,28,0.6,5,5.6,0.9,0.3,4.7,9.4,19.8,4.5,4.9,3.3,0.2,0
14,Kyrie Irving,46.39,"PG,SG",DAL,62,23.6,0.8,3.9,6.4,1.2,0.7,2.5,8.6,18,4,4.4,2.2,0.1,0
15,Ja Morant,46.09,PG,MEM,48,26.5,1.2,4.6,7.1,1.1,0.3,1.5,9.6,20.2,5.8,7.7,3.4,0.3,0.1
16,Tyrese Maxey,45.96,"PG,SG",PHI,70,24.9,0.4,4.3,5.8,0.9,0.3,3.3,9.2,18.8,3.3,3.8,1.4,0,0
17,LeBron James,45.68,"SF,PF",LAL,56,25.1,1,6.1,5.6,0.8,0.5,2.2,9.5,19,3.9,5.2,2.9,0.4,0.1
18,Donovan Mitchell,45.66,"PG,SG",CLE,69,27.7,0.9,3.5,4.4,1.5,0.3,3.6,9.8,20.5,4.5,5.2,2.7,0.1,0
19,Kevin Durant,45.43,"SF,PF",PHO,60,25.3,0.4,6,5,0.7,1,1.9,8.8,16.8,5.9,6.6,3.1,0.2,0.1
20,Anthony Edwards,45.26,"SG,SF",MIN,76,25.8,0.6,5.1,4.8,1.6,0.7,3,9.2,19.9,4.3,5.6,3.2,0.1,0
21,Trae Young,44.82,PG,ATL,75,24.4,0.7,2.7,10,1.1,0.1,2.2,7.5,17.8,7.2,8.1,4.1,0.6,0
22,James Harden,44.22,"PG,SG",LAC,58,19.8,0.6,5,9,1.1,0.4,2.4,5.8,13.6,5.8,6.7,3.7,0.7,0.2
23,Desmond Bane,44.11,"SG,SF",MEM,70,26,0.8,4.6,4,1.2,0.4,3.4,9.8,20.9,3,3.4,2.2,0,0
24,Zion Williamson,44.03,"PF,C",NO,52,25.3,2,4.9,4.5,1,0.5,0.2,9.6,15.9,5.9,8.4,3.4,0.2,0
25,Dejounte Murray,43.98,"PG,SG",ATL,74,21.2,0.9,5,6.1,1.4,0.3,1.6,8.8,18.5,2,2.5,2.1,0.3,0.1
26,Karl-Anthony Towns,43.89,"PF,C",MIN,70,21.4,2.1,6.4,4.6,0.7,0.7,2.1,7.5,15,4.4,5.2,2.8,0.5,0
27,Cade Cunningham,43.82,"PG,SG",DET,65,22,0.9,4.4,7.6,1.3,0.7,1.8,8.5,19.8,3.2,3.8,3.3,0.2,0
28,Victor Wembanyama,43.75,"PF,C",SA,65,19.2,1.6,7.4,2.6,0.7,2.4,1.1,7.2,15.8,3.6,4.6,1.8,0.5,0
29,Bam Adebayo,43.74,C,MIA,72,20.2,2.5,7.3,3.5,1.3,0.8,0,7.9,14.7,4.5,5.6,2.6,0.5,0
30,Jimmy Butler,43.61,"SF,PF",MIA,65,21.3,1.9,3.7,5,1.6,0.4,0.5,7,13.6,6.9,8,1.8,0.2,0
31,Kawhi Leonard,43.13,"SG,SF",LAC,56,23.2,1,5.1,3.7,1.3,0.5,1.9,8.4,16.7,4.4,5.1,1.7,0.1,0
32,Jaren Jackson Jr.,43.09,"PF,C",MEM,69,20.2,1.9,5.3,1.2,1.1,2.7,1.8,7.2,15,4.1,5.1,2.1,0.1,0
33,Damian Lillard,43.08,PG,MIL,67,25.1,0.4,3.3,6.4,0.9,0.3,3.5,7.6,16.5,6.5,7.2,2.9,0.3,0
34,De'Aaron Fox,43.06,PG,SAC,70,25.1,0.5,3.7,6.1,1.2,0.4,1.6,9.4,18.9,4.7,6.1,2.7,0.1,0
35,Pascal Siakam,42.46,"PF,C",TOR,70,21.3,1.7,5.8,5.5,1,0.5,1.1,7.9,16.8,4.3,5.6,2.3,0.4,0
36,Jalen Brunson,42.42,PG,NY,72,24.2,0.6,3.1,6.5,1,0.2,2,9,18.3,4.2,5,2.2,0.1,0
37,Mikal Bridges,41.98,"SG,SF",BKN,80,25.4,1,3.7,3.4,1.1,0.6,2.4,9.1,19.2,4.7,5.4,1.8,0,0
38,Darius Garland,41.96,PG,CLE,69,21.8,0.5,2.5,7.8,1.2,0.1,2.5,7.8,17,3.6,4.1,3,0.4,0
39,Chet Holmgren,41.83,"PF,C",OKC,64,17,1.8,6.4,2,0.8,2,1.5,6.2,11.5,3.1,4,1.2,0.3,0
40,Paul George,41.02,"SG,SF,PF",LAC,60,23,0.6,5.5,5,1.5,0.4,2.8,8,18.1,4.2,4.9,3.3,0.2,0
41,Nikola Vucevic,41.01,C,CHI,74,17.4,1.9,9.1,3.2,0.7,0.7,1.5,7.2,14.8,1.5,1.8,1.8,0.6,0
42,Lauri Markkanen,40.96,"SF,PF",UTA,66,23.9,1.8,6.2,1.9,0.7,0.6,2.9,8,16.4,5,5.7,1.9,0.3,0
43,Alperen Sengün,40.86,C,HOU,74,17.3,3.2,6,4,1,1,0.5,6.9,12.6,3,4.3,2.8,0.3,0
44,DeMar DeRozan,40.86,"SG,SF",CHI,74,24.7,0.6,4.1,4.9,1,0.4,0.6,9.1,18,6,6.9,2.1,0.1,0
45,Kristaps Porzingis,40.81,"PF,C",BOS,60,20.2,1.8,6.1,2.1,0.8,1.5,2,7,14.5,4.3,5,1.8,0.3,0
46,Evan Mobley,40.49,"PF,C",CLE,76,16,2.3,7,2.9,0.9,1.8,0.3,6.5,12.5,2.7,4,1.9,0.3,0
47,Jaylen Brown,40.39,"SG,SF",BOS,69,24.8,1,5.3,3.4,1.1,0.3,2.4,9.4,19,3.7,4.8,2.7,0.2,0
48,Jamal Murray,40.36,"PG,SG",DEN,60,21.1,0.8,3.3,6.3,1,0.3,2.7,7.8,16.6,2.8,3.4,2.3,0.1,0
49,Jalen Duren,40.3,C,DET,70,13.1,4.2,7.6,1.4,0.8,1.7,0,5.7,9,1.7,2.9,1.7,0.3,0
50,Fred VanVleet,39.87,PG,HOU,67,18.4,0.5,3.4,6.4,1.6,0.5,3.1,6.1,15.3,3.1,3.5,2.1,0.2,0
51,Kyle Kuzma,38.5,"SF,PF",WAS,65,22.1,1.1,7,3.8,0.7,0.8,2.6,8.3,18.6,2.9,4,3.2,0.3,0
52,Brandon Ingram,38.49,"SG,SF,PF",NO,60,23,0.6,4.9,5.5,0.7,0.4,1.3,8.3,17.7,4.9,5.8,2.9,0.1,0
53,Tyler Herro,38.46,"PG,SG",MIA,67,23.6,0.5,5.3,4.5,0.8,0.2,3.2,8.7,19.3,3,3.3,2.8,0.1,0
54,Zach LaVine,38.33,"SG,SF",CHI,74,24.9,0.4,4,4.3,0.8,0.3,2.6,8.7,18.2,4.8,5.7,2.6,0,0
55,Myles Turner,38.25,C,IND,64,16.1,1.5,5.9,1.3,0.6,2.3,1.5,5.9,11,2.9,3.7,1.5,0.3,0
56,Deandre Ayton,37.95,C,POR,69,15.5,2,9.1,1.7,1,1,0.1,6.6,12,2.2,2.8,1.8,0.5,0
57,Jakob Poeltl,37.79,C,TOR,70,12.8,3.5,5.6,2.7,0.8,1.4,0,5.6,9,1.5,2.7,1.7,0.3,0
58,Josh Giddey,37.72,"SG,SF,PF",OKC,74,16.3,1.8,5.8,6.1,0.8,0.4,1,7.1,14.8,1.2,1.7,2.9,0.3,0.1
59,Nicolas Claxton,37.69,C,BKN,75,11.6,2.3,6.5,1.7,0.8,2.3,0,5,7.5,1.7,2.9,1.2,0.3,0
60,Rudy Gobert,37.58,C,MIN,68,13.5,3,8.5,1.1,0.7,1.4,0,5,7.2,3.6,5.4,1.7,0.7,0
61,Julius Randle,37.46,PF,NY,74,20,1.8,8.2,4.7,0.7,0.4,2,7.1,17.5,3.8,5.3,3.1,0.5,0
62,CJ McCollum,37.4,"PG,SG",NO,62,20.5,0.8,3.4,5.2,1,0.4,2.7,7.8,17.5,2.1,2.8,2.2,0.1,0
63,Paolo Banchero,37.39,"SF,PF",ORL,72,21.5,1.2,6.3,4,1,0.7,1.3,7.3,16.5,5.6,7.5,2.8,0.2,0
64,OG Anunoby,37.37,"SG,SF",TOR,68,18.8,1.5,3.7,2.7,1.7,0.7,2.2,7.3,15.7,2,2.5,1.8,0,0
65,Anfernee Simons,37.17,"PG,SG",POR,47,23.2,0.4,2.5,5.4,0.7,0.2,3.7,8.3,18.9,2.9,3.2,2.2,0,0
66,Bradley Beal,36.99,"PG,SG",PHO,62,20.8,0.9,3.3,5.7,0.9,0.5,1.6,7.6,16,3.9,4.7,3.1,0.1,0
67,Clint Capela,36.98,C,ATL,68,11.4,3.8,7.5,1.1,0.7,1.2,0,5.1,8,1.2,2.1,0.7,0.5,0
68,Terry Rozier,36.46,"PG,SG",CHA,68,19.6,0.8,3.4,4.6,1.2,0.3,2.8,7.3,16.9,2.4,2.8,1.7,0,0
69,Tyus Jones,36.35,PG,WAS,72,13.5,0.4,3.1,7.4,1.4,0.1,1.9,5.2,11.7,1.2,1.5,1.1,0.1,0
70,Tobias Harris,36.3,"SF,PF",PHI,73,18.8,1,5.7,2.9,0.8,0.6,1.5,7.7,15.5,1.9,2.2,1.4,0.1,0
71,Mitchell Robinson,36.03,C,NY,68,8.3,4.5,6.8,0.7,0.9,1.8,0,3.6,5,1.2,2.4,0.8,0.3,0
72,Devin Vassell,35.7,"SG,SF",SA,60,18.3,0.2,4,3.8,1.2,0.6,2.9,6.5,15.1,2.4,2.9,1.2,0,0
73,Ben Simmons,35.55,"PG,SG,PF",BKN,50,9.7,1.1,6.1,7,1.5,0.7,0,4.5,8.1,0.7,1.6,2.7,0.1,0
74,Chris Paul,35.54,PG,GS,60,13.3,0.3,3.3,7.5,1.2,0.3,1.3,5,10.9,2,2.4,1.8,0.4,0
75,Walker Kessler,35.52,C,UTA,64,9.7,3.3,5.6,1,0.4,2.4,0,4.2,5.9,1.2,2.3,0.8,0.4,0
76,Jrue Holiday,35.29,"PG,SG",BOS,67,16.3,1.1,3.7,5.1,1.4,0.4,2.2,6,12.6,2.2,2.7,2.8,0.2,0
77,Mark Williams,35,C,CHA,70,12.6,3,6.9,0.6,0.9,1.4,0,5.2,8.2,2.2,3.2,1.3,0.3,0
78,Ausar Thompson,34.86,"SG,SF",DET,72,12.1,1.4,7,4,1.1,1.7,0.5,4.6,11.1,2.5,3.3,1.9,0.1,0
79,De'Anthony Melton,34.77,"PG,SG",PHI,72,12.6,0.7,4.1,5.1,1.7,0.6,2.4,4.5,10.4,1.3,1.6,1.7,0,0
80,Markelle Fultz,34.62,"PG,SG",ORL,60,14.4,1,2.9,6.2,1.5,0.4,0.4,6,11.9,1.9,2.4,2.5,0.1,0
81,Franz Wagner,34.27,"SG,SF,PF",ORL,78,18.8,1,3.5,3.6,1.1,0.3,1.7,6.8,13.9,3.6,4.2,2,0,0
82,Jalen Johnson,33.91,"SF,PF",ATL,72,14.4,1.2,6.3,2.3,1.1,1,0.9,6,11.5,1.4,2.3,1.3,0,0
83,Jusuf Nurkic,33.68,C,PHO,54,11.7,2,6.1,3.3,0.9,1,0.5,4.5,8.4,2.2,3.2,1.6,0.5,0
84,D'Angelo Russell,33.6,"PG,SG",LAL,70,16.9,0.4,2.6,6.2,0.9,0.4,2.6,5.9,13.3,2.6,3.2,2.4,0.2,0
85,P.J. Washington,33.43,PF,CHA,72,16.1,1.2,4.2,2.5,1,1.1,2,6.3,13.8,1.5,2,1.5,0,0
86,Jalen Williams,33.37,"SG,SF,PF",OKC,74,15,1.2,3.6,3.5,1.5,0.5,1,5.9,11.2,2.2,2.7,1.7,0,0
87,Daniel Gafford,33.37,"PF,C",WAS,76,11.9,2.8,4.5,1.3,0.5,1.6,0,5,7,2,2.9,1.3,0.3,0
88,Klay Thompson,33.36,"SG,SF",GS,68,21.2,0.5,3.5,2.4,0.6,0.5,4.2,7.7,17.8,1.6,1.8,1.6,0,0
89,Dereck Lively II,33.29,C,DAL,65,10.8,2.2,6,2,0.7,1.5,0,4.9,7.8,1,1.6,1.1,0,0
90,Onyeka Okongwu,33.17,C,ATL,76,11,3.1,4.9,1.2,0.8,1.5,0,4.4,6.7,2.2,2.8,1.2,0.1,0
91,Aaron Gordon,33.03,PF,DEN,70,16,2.1,4.3,2.8,0.7,0.7,1.1,6.2,11.4,2.6,3.9,1.7,0.1,0
92,Dennis Schröder,32.95,PG,TOR,70,15.2,0.5,2.9,7.3,0.9,0.2,1.4,5.2,12,3.4,3.9,2.3,0,0
93,Jarrett Allen,32.87,C,CLE,60,12.1,2.7,5.7,1.3,0.6,1,0,5,7.6,2.1,3,1.2,0.6,0
94,Bobby Portis,32.8,"PF,C",MIL,71,14.6,2.4,7.1,1.4,0.6,0.5,1.6,5.8,12,1.3,1.7,1.2,0.4,0
95,Scoot Henderson,32.7,PG,POR,72,16.4,0.7,4.4,5.8,1.1,0.3,1.5,6.5,14.6,2.1,2.6,3.4,0.3,0
96,Jabari Smith Jr.,32.66,"PF,C",HOU,79,16.1,1.7,6.3,1.4,0.6,1.2,1.7,5.9,13.6,2.5,3.2,1.5,0.2,0
97,Keldon Johnson,32.11,"SG,SF",SA,70,20.4,1,4.3,2.5,0.8,0.2,2.1,7.4,16,3.4,4.5,1.6,0.1,0
98,Zach Collins,32.09,"PF,C",SA,66,13.2,2.2,5.2,3.4,0.7,1,1,5,9.9,2.2,2.9,2.5,0.1,0
99,Russell Westbrook,31.69,PG,LAC,74,14.8,1.1,4.6,6.3,0.9,0.3,1,5.6,12.6,2.7,4.1,3.1,0.4,0.1
100,Ivica Zubac,31.63,C,LAC,76,11.1,3.1,6.5,1.4,0.5,1.2,0,4.4,7,2.3,3.2,1.6,0.4,0
101,Miles Bridges,31.58,"SF,PF",CHA,40,15.7,0.9,4.6,3,0.7,0.7,1.5,5.8,11.9,2.6,3.3,1.5,0.3,0
102,Jeremy Sochan,31.55,"PG,PF",SA,69,13,2,4.1,4.9,1.1,0.6,0.8,5.2,11.3,1.9,2.5,2.6,0,0
103,Herbert Jones,31.41,"SF,PF",NO,69,11.8,1.7,3.1,2.8,1.7,1,1,4.3,9.1,2.2,2.8,1.6,0,0
104,John Collins,31.37,PF,UTA,70,14.4,1.4,5.7,1.5,0.6,1,1.1,5.6,10.8,2.2,2.8,1.1,0.2,0
105,Robert Williams III,31.23,C,POR,61,7.6,3,4.7,2.1,0.6,1.4,0,3.5,4.9,0.7,1.1,0.9,0.3,0
106,Cam Thomas,31.13,"SG,SF",BKN,60,24.7,0.2,3.2,1.5,0.5,0.1,1.8,9.3,20.2,4.3,5,1.1,0,0
107,Jordan Poole,31.07,"PG,SG",WAS,78,19.6,0.5,3,4.5,1,0.3,2.8,6.8,16,3.2,3.9,3.1,0,0
108,Michael Porter Jr.,30.88,SF,DEN,65,17.3,1.1,4.8,1.2,0.7,0.5,2.9,6.4,13.6,1.5,1.9,1.2,0.1,0
109,Xavier Tillman Sr.,30.82,"PF,C",MEM,68,11.6,2.7,4.1,2.3,1.4,0.6,0.2,5,10.4,1.4,2.2,1.1,0,0
110,Spencer Dinwiddie,30.67,"PG,SG",BKN,73,15.1,0.5,3.2,5.6,0.7,0.3,1.9,5.1,11.9,3.1,3.9,1.7,0.1,0
111,Khris Middleton,30.66,"SF,PF",MIL,59,16.5,0.7,4,3.9,1,0.3,1.9,5.9,13.1,2.9,3.2,2.2,0.1,0
112,Draymond Green,30.58,"PF,C",GS,55,8.4,1,6.5,6,1,0.7,0.5,3.4,6.4,1.2,1.7,3,0.2,0
113,Cameron Johnson,30.52,"SF,PF",BKN,65,15.2,0.8,4,1.8,1.2,0.3,2.8,5.2,11.2,2.1,2.4,0.9,0,0
114,Tre Jones,30.5,PG,SA,69,11.6,0.8,2.9,6.2,1.2,0.1,0.5,4.6,9.8,2,2.4,1.4,0.1,0
115,Mike Conley,30.37,PG,MIN,68,12.4,0.6,2.2,6,1.1,0.2,2.1,4.2,9.7,1.9,2.3,1.6,0.1,0
116,Brook Lopez,30.36,C,MIL,72,13.5,1.8,4.1,1,0.4,1.5,1.5,5.2,10,1.6,2,1.2,0.1,0
117,Jordan Clarkson,30.21,"PG,SG",UTA,68,19.2,1.1,2.9,3.5,0.8,0.2,2.6,7,16.3,2.6,3.2,2.4,0,0
118,Jonas Valanciunas,30.04,C,NO,74,12.8,2.5,6.5,1.8,0.3,0.6,0.5,5.2,9.5,1.9,2.3,1.8,0.6,0
119,Jerami Grant,30.02,PF,POR,65,17.9,0.7,3.3,2.2,0.8,0.8,1.9,6.1,13,3.9,4.7,1.7,0,0
120,Wendell Carter Jr.,29.99,C,ORL,50,13.3,2,6,1.9,0.5,0.6,1.1,5.1,9.6,2.1,3,1.7,0.6,0
121,Immanuel Quickley,29.93,"PG,SG",NY,76,15.2,0.6,3.5,3.9,1,0.1,2.1,5.2,11.6,2.7,3.1,1.4,0.1,0
122,Bruce Brown,29.63,"PG,SG,SF",IND,70,11.7,1.2,3.8,3.1,1.2,0.8,1,4.6,9.4,1.6,2.1,1.3,0,0
123,Austin Reaves,29.56,"SG,SF",LAL,71,15.4,0.7,2.6,3.8,0.7,0.5,1.6,5,10,3.9,4.5,1.6,0,0
124,Derrick White,29.45,"PG,SG",BOS,77,13,0.6,3,4,0.8,0.9,1.7,4.5,9.9,2.4,2.8,1.4,0.1,0
125,Marcus Smart,29.38,PG,MEM,67,11.8,0.7,2.8,5.3,1.6,0.3,1.8,4.2,10,1.7,2.2,2.3,0.1,0
126,Goga Bitadze,29.31,C,ORL,30,10.5,2.9,3.6,1.9,0.8,1.3,0.6,4.1,7.7,1.8,2.8,1.4,0.1,0
127,Kyle Anderson,29.11,"SF,PF",MIN,69,9.2,1,4.6,3.9,1.1,0.8,0.6,3.7,7.3,1.3,1.8,1.3,0.1,0
128,Tari Eason,29,"SF,PF",HOU,78,11.4,2.9,4.5,1.3,1.3,0.7,0.9,4.5,9.8,1.6,2.2,1.5,0.1,0
129,Moritz Wagner,28.97,C,ORL,60,14.8,1.4,5.2,2.2,0.7,0.3,1.5,5,10.1,3.3,4,1.6,0.1,0
130,Kelly Oubre Jr.,28.85,SF,PHI,68,17.8,0.6,3.2,1.1,1.1,0.4,2.3,6.2,13.6,3.1,3.8,1,0,0
131,Keegan Murray,28.75,"SF,PF",SAC,78,14,1.2,3.7,1.3,0.9,0.6,2.7,5.1,11,1.1,1.4,0.9,0.1,0
132,Dillon Brooks,28.68,"SG,SF",HOU,70,16.5,0.7,2.9,2.6,1.1,0.2,1.9,6.2,13.5,2.2,2.6,1.4,0,0
133,Kevon Looney,28.64,"PF,C",GS,80,7,3.2,5.9,2.4,0.7,0.7,0,3,4.9,1.1,1.8,0.7,0.1,0
134,Buddy Hield,28.58,"SG,SF",IND,76,15.2,0.8,3.5,2.6,0.9,0.3,3.1,5.4,12.1,1.2,1.5,1.7,0,0
135,Jalen Green,28.52,"PG,SG",HOU,74,20,0.5,3.1,3.2,0.7,0.3,2.4,6.8,16.3,3.9,4.9,2.4,0,0
136,RJ Barrett,28.49,"SG,SF",NY,72,19.7,0.9,4.5,2.8,0.5,0.2,1.8,6.9,16,4,5.4,2.2,0.1,0
137,Jarred Vanderbilt,28.49,PF,LAL,76,8,2.7,5.8,2,1.3,0.5,0.2,3.3,5.8,1.3,1.9,1.2,0.1,0
138,Jonathan Isaac,28.19,"SF,PF",ORL,30,9.4,2.6,5,1,1.5,0.7,1,3.8,8.8,0.9,1.5,0.7,0,0
139,Deni Avdija,28.09,"SF,PF",WAS,78,11.9,1,6,2.9,0.9,0.6,1.1,4.5,9.9,1.7,2.3,1.6,0.1,0
140,Shaedon Sharpe,27.98,"SG,SF",POR,78,18,1.2,3.2,1.7,0.7,0.4,2.1,7,15.8,1.9,2.6,1.5,0,0
141,Kevin Huerter,27.94,"SG,SF",SAC,74,14,0.5,3,2.9,0.9,0.4,2.5,5.3,11.2,1,1.3,1.3,0,0
142,Naz Reid,27.9,"PF,C",MIN,72,12.8,1.6,4.1,1.3,0.7,1.1,1.2,4.9,9.5,1.8,2.5,1.6,0.1,0
143,Trey Murphy III,27.35,"SF,PF",NO,60,13.6,1,3,1.4,1,0.5,2.5,4.6,9.9,2,2.2,0.7,0,0
144,Mason Plumlee,27.35,C,LAC,75,8.2,2.5,5.3,2.9,0.7,0.6,0,3.3,4.9,1.6,3,1.3,0.2,0
145,Coby White,26.94,"PG,SG",CHI,72,13.2,0.3,3.2,4.1,0.7,0.1,2.3,4.8,10.9,1.2,1.4,1.3,0,0
146,Grant Williams,26.91,PF,DAL,72,13.4,1.1,3.5,1.5,0.6,0.6,2.6,4.6,9.4,1.5,2,1,0,0
147,Santi Aldama,26.74,"PF,C",MEM,75,11.5,1.6,4.7,1.6,0.7,0.8,1.4,4.2,9.1,1.8,2.4,1.1,0.1,0
148,Josh Hart,26.63,"SG,SF",NY,74,8.1,1.4,5.2,3.4,1.2,0.5,0.9,3.1,7,1.1,1.4,1.5,0.2,0
149,Malcolm Brogdon,26.57,"PG,SG",POR,51,13.6,0.6,3.2,3.7,0.6,0.3,1.5,4.8,10.4,2.5,2.8,1.4,0.1,0
150,Jaden McDaniels,26.45,"SF,PF",MIN,74,11.8,1.2,3.2,1.7,0.9,1,1.4,4.6,9.4,1.2,1.6,1.4,0,0
151,Bogdan Bogdanovic,26.36,"SG,SF,PF",ATL,52,13.8,0.4,2.9,2.8,0.9,0.3,2.5,5,11.3,1.3,1.6,1.1,0,0
152,Brandon Miller,26.19,SF,CHA,72,15,0.5,4.2,2,0.8,0.3,2.2,5.4,12.6,1.9,2.3,1.4,0,0
153,Amen Thompson,26.17,"SG,SF",HOU,70,12.2,0.6,3.1,4.4,1.1,0.5,0.5,4.5,10,2.7,3.9,2.1,0.1,0
154,Isaiah Stewart,25.97,"PF,C",DET,70,10.8,2.3,6,1.3,0.4,0.7,1.4,3.9,8.7,1.6,2.2,1.4,0.2,0
155,Cole Anthony,25.88,PG,ORL,64,12.9,0.6,3.9,4,0.6,0.3,1.5,4.4,10.1,2.6,3,1.8,0.1,0
156,Kyle Lowry,25.88,PG,MIA,60,10,0.5,3,5.2,0.9,0.3,1.7,3.3,7.7,1.8,2.1,1.9,0.2,0
157,Luguentz Dort,25.7,"SG,SF",OKC,72,14.3,1.3,3,1.9,0.9,0.3,2,4.7,10.9,2.8,3.5,1.4,0,0
158,Caris LeVert,25.67,"SG,SF",CLE,67,13.1,0.7,2.8,3.7,0.9,0.3,1.5,4.9,11.1,1.9,2.6,1.6,0,0
159,Jalen Suggs,25.5,"PG,SG",ORL,56,12.1,0.9,2.8,4,1.4,0.5,1.2,4.3,10.6,2.4,3.1,2.6,0,0
160,Kentavious Caldwell-Pope,25.48,"SG,SF",DEN,76,12.1,0.5,2.6,2.2,1.4,0.4,1.8,4.4,9.7,1.6,1.9,1.2,0,0
161,Jevon Carter,25.47,"PG,SG",CHI,72,10,0.5,2.8,3.8,1,0.5,2.2,3.7,8.6,0.5,0.6,1.2,0,0
162,Saddiq Bey,25.44,"SF,PF",ATL,78,13.7,1.1,3.3,1.9,0.8,0.2,2,4.7,10.7,2.3,2.7,0.9,0.1,0
163,Obi Toppin,25.42,PF,IND,70,13.5,1,4.1,1.5,0.6,0.5,1.4,5.2,10.9,1.6,2,1.1,0,0
164,Paul Reed,25.4,"PF,C",PHI,69,8.4,2.2,3.8,1.2,1,1.1,0.1,3.7,6.6,0.9,1.3,1.2,0.1,0
165,Malik Monk,25.28,"SG,SF",SAC,76,13.3,0.4,2.3,4,0.6,0.3,2,4.8,10.9,1.6,1.9,1.5,0,0
166,Caleb Martin,25.14,"SG,SF",MIA,70,10.7,1.4,3.6,1.6,1.1,0.5,1.3,4,8.3,1.4,1.8,1.1,0,0
167,Al Horford,25.07,"PF,C",BOS,58,7.8,1.1,4.6,2.6,0.5,0.9,1.1,3.1,6.5,0.6,0.7,0.6,0.2,0
168,Malik Beasley,24.91,"SG,SF",MIL,72,14.3,0.4,3.2,1.7,0.8,0.2,3.4,5.1,12.1,0.7,0.9,1,0,0
169,Harrison Barnes,24.82,"SF,PF",SAC,78,14.9,1,3.8,1.5,0.7,0.1,1.6,4.6,9.7,4.1,4.9,1.2,0,0
170,Bojan Bogdanovic,24.68,"SG,SF",DET,48,17.1,0.6,2.9,1.8,0.5,0.1,2.2,5.8,12.3,3.3,3.8,1.7,0,0
171,Josh Richardson,24.64,SG,MIA,65,11.7,0.7,2.5,2.6,1.1,0.4,1.9,4.2,9.7,1.5,1.7,1.4,0,0
172,Brandon Clarke,24.53,"PF,C",MEM,8,9.6,1.8,3.3,1.2,0.6,0.8,0.1,4.1,6.2,1.4,2.1,0.7,0.1,0
173,Isaiah Hartenstein,24.46,C,NY,76,6.9,2.3,3.8,1.9,0.7,1,0.2,2.9,4.9,1,1.4,1.1,0,0
174,Delon Wright,24.39,"PG,SG",WAS,68,6.5,1,2.7,3.5,1.6,0.3,0.8,2.4,5.1,1,1.1,0.8,0,0
175,Donte DiVincenzo,24.31,"SG,SF",NY,70,9.3,1.1,3.3,3.2,1.3,0.2,2,3.1,7.3,1.1,1.4,1.6,0,0
176,Drew Eubanks,24.31,C,PHO,70,7.6,1.9,3.9,1.3,0.5,1.4,0.1,3.1,5,1.3,1.8,1.1,0.1,0
177,Keyonte George,24.26,SG,UTA,72,13,0.5,2,4.6,0.6,0.2,1.5,4.9,11.6,1.8,2.2,1.7,0,0
178,Bennedict Mathurin,24.2,"SG,SF",IND,74,17.8,1.2,3.2,1.6,0.7,0.2,1.4,5.6,13,5.1,6.2,2.1,0,0
179,Gary Trent Jr.,23.73,"PG,SG",TOR,65,14,0.3,1.8,1.4,1.3,0.2,2.2,4.9,11.6,2,2.4,0.7,0,0
180,Jaden Ivey,23.67,"PG,SG",DET,74,13.8,0.8,2.4,4.3,0.7,0.2,1.4,4.7,10.9,3.1,4.1,2.6,0.1,0
181,Killian Hayes,23.66,"PG,SG",DET,65,8.7,0.4,2.5,5,1.2,0.4,0.8,3.4,8.6,1,1.2,1.9,0.1,0
182,Andrew Wiggins,23.4,"SF,PF",GS,69,12.8,1.1,2.7,1.8,0.7,0.6,1.3,5,11.4,1.4,2.3,1.2,0,0
183,Gordon Hayward,23.3,SF,CHA,58,12.7,0.5,3.2,3.2,0.7,0.2,1.1,4.7,10.1,2.2,2.7,1.8,0,0
184,Tim Hardaway Jr.,23.25,"SG,SF",DAL,69,14.1,0.3,3,1.8,0.7,0.2,2.7,4.9,11.8,1.7,2.2,0.8,0,0
185,Nick Richards,23.25,C,CHA,70,8.7,2.3,4.1,0.7,0.3,1.2,0,3.3,5.1,2.1,2.9,1.1,0.1,0
186,De'Andre Hunter,23.19,"SF,PF",ATL,68,14.9,0.6,3.3,1.4,0.6,0.3,1.5,5.4,12,2.6,3.2,1.3,0,0
187,Reggie Jackson,23.16,PG,DEN,69,12.7,0.4,2.3,3.9,0.7,0.1,1.7,4.8,11,1.4,1.6,1.9,0,0
188,Max Strus,23.11,"SG,SF",CLE,73,12.7,0.6,3.1,2.1,0.6,0.2,2.7,4.5,10.7,1,1.1,1,0,0
189,Alex Caruso,22.84,"PG,SG",CHI,64,6.3,0.7,2.5,3.3,1.6,0.6,0.9,2.2,5.1,1.1,1.4,1.3,0,0
190,Kevin Porter Jr.,22.83,"PG,SG",HOU,30,10.9,0.6,2.4,3.7,0.8,0.2,1.6,3.8,8.8,1.7,2.2,2,0.3,0
191,Jordan Hawkins,22.71,SG,NO,72,11.7,0.5,3.5,1.6,0.8,0.1,2.6,3.9,9,1.4,1.7,0.7,0,0
192,Terance Mann,22.7,"SG,SF",LAC,80,10.1,1.1,3.3,2.5,0.6,0.3,1.1,3.8,7.6,1.4,1.8,1,0,0
193,Quentin Grimes,22.66,"SG,SF",NY,70,10.9,0.7,2.5,2,0.8,0.4,2.3,3.8,8.5,0.9,1.2,1,0,0
194,Jonathan Kuminga,22.34,PF,GS,72,11.9,1.1,3.1,1.7,0.7,0.5,0.9,4.5,8.6,2,3,1.5,0,0
195,Jarace Walker,22.29,PF,IND,70,10.4,1.3,5.4,1.1,0.4,0.8,0.9,3.9,8.5,1.7,2.5,1.4,0.3,0
196,Dorian Finney-Smith,22.22,"SF,PF,C",BKN,69,9,1.4,2.8,1.5,0.9,0.5,1.7,3.3,7.3,0.6,0.9,0.9,0,0
197,Isaiah Jackson,22.18,"PF,C",IND,67,7.9,1.8,2.7,0.6,0.6,1.5,0.1,3.1,5.5,1.6,2.5,1,0.1,0
198,Pat Connaughton,22.16,"SG,SF",MIL,64,9.7,0.8,4,1.4,0.8,0.2,2.2,3.4,7.9,0.6,0.8,0.6,0,0
199,Patrick Beverley,22.13,PG,PHI,64,6.9,0.8,2.8,3.4,0.9,0.7,1.2,2.3,5.8,1,1.4,1,0,0
200,Larry Nance Jr.,22.1,"PF,C",NO,65,6.8,1.6,3.8,1.8,0.9,0.5,0.3,2.8,4.9,0.8,1.2,0.7,0,0
201,Norman Powell,22.09,"SG,SF",LAC,60,14.4,0.3,2.1,1.6,0.7,0.3,1.7,4.8,10.1,3.2,3.9,1.3,0,0
202,Kris Dunn,22.02,PG,UTA,60,8,0.4,2.6,4.1,1,0.3,0.4,3.2,6.4,1.2,1.4,1.4,0.1,0
203,Bismack Biyombo,21.96,C,MEM,44,7.4,2,6,2,0.2,1,0,3,6,1.4,2,2,0.2,0
204,Andrew Nembhard,21.92,"PG,SG",IND,72,9.1,0.5,2.1,4.4,0.9,0.2,1.2,3.6,8.2,0.6,0.8,1.6,0.1,0
205,Robert Covington,21.89,"SF,PF",PHI,63,7.2,0.7,3.8,1.2,1.2,0.9,1.5,2.5,5.9,0.7,0.9,0.9,0,0
206,Kenrich Williams,21.69,"SF,PF",OKC,50,7.8,1.7,3,2.1,0.9,0.2,0.9,3.2,6.5,0.5,0.9,0.8,0,0
207,Marcus Sasser,21.63,PG,DET,60,9.8,0.3,1.7,2.9,1,0.1,1.5,3.8,8,0.7,0.8,0.6,0,0
208,Matisse Thybulle,21.62,"SG,SF",POR,72,6.6,0.7,1.9,1.2,1.6,0.9,1.1,2.5,5.3,0.5,0.7,0.6,0,0
209,Jae Crowder,21.54,"SF,PF",MIL,67,8.3,0.5,3.9,1.6,1.1,0.4,1.6,2.9,6.6,0.9,1.1,0.7,0,0
210,Rui Hachimura,21.49,"SF,PF",LAL,65,12.2,0.8,3.8,1.1,0.4,0.4,1.1,4.9,10,1.4,1.9,0.9,0,0
211,Josh Okogie,21.49,"SG,SF",PHO,70,8.8,1.8,2.4,1.7,1.1,0.6,1.1,2.7,6.8,2.3,3.2,1.1,0,0
212,Josh Green,21.46,"SG,SF",DAL,67,9.5,1.2,2.5,2,0.9,0.2,1.2,3.6,6.9,1.1,1.4,1.3,0,0
213,Talen Horton-Tucker,21.19,"PG,SG,SF",UTA,60,10.4,0.6,2.6,3.2,0.8,0.5,0.8,3.9,9.1,1.8,2.3,1.6,0,0
214,Jose Alvarado,21.08,PG,NO,67,8.5,0.5,1.8,3.3,1.3,0.2,1.1,3.2,7.5,1,1.3,1.2,0,0
215,Maxi Kleber,20.98,"PF,C",DAL,60,7.4,1.1,4.2,1.3,0.5,1,1.3,2.6,5.8,0.8,1.1,0.8,0,0
216,Gabe Vincent,20.94,"PG,SG",LAL,70,10.3,0.4,1.9,3.2,1,0.1,2,3.7,9,0.9,1.1,1.6,0,0
217,Cody Martin,20.94,"SG,SF",CHA,65,7,1.1,2.7,2.3,1.1,0.4,0.8,2.6,5.7,1,1.4,0.8,0,0
218,Patrick Williams,20.86,PF,CHI,72,9.5,0.9,2.9,1.1,0.8,0.8,1.2,3.5,7.5,1.2,1.4,1.1,0,0
219,Kelly Olynyk,20.84,"PF,C",UTA,66,9,1,3.3,2.6,0.6,0.4,1.1,3,6.2,1.9,2.3,1.6,0.1,0
220,Corey Kispert,20.83,"SG,SF",WAS,74,11.2,0.6,2.4,1.3,0.5,0.2,2.3,4,8.1,1,1.1,0.8,0,0
221,Anthony Black,20.68,"PG,SG",ORL,72,9.7,0.7,2.1,3.3,1.1,0.3,0.3,4,8.9,1.3,1.9,1.8,0,0
222,Andre Drummond,20.64,C,CHI,70,6.1,2.3,4.7,1,0.8,0.6,0,2.6,4.4,1,1.8,1.2,0.2,0
223,Ziaire Williams,20.62,SF,MEM,60,10.8,0.6,3.5,1.5,0.8,0.3,1.5,4.2,9.4,0.9,1.2,1.2,0,0
224,Chris Boucher,20.61,PF,TOR,72,8.3,1.9,3.3,0.3,0.5,0.8,0.7,3,6.3,1.6,2,0.5,0.1,0
225,Royce O'Neale,20.56,"SG,SF",BKN,76,6.9,0.7,3.5,2.6,0.8,0.5,1.6,2.4,5.7,0.5,0.7,1.1,0.1,0
226,Richaun Holmes,20.52,"PF,C",DAL,70,8.2,1.7,3.8,0.8,0.3,0.7,0.1,3.5,5.3,1.2,1.5,1,0.1,0
227,Luke Kennard,20.52,"PG,SG",MEM,64,10.7,0.3,2.7,1.8,0.6,0.1,2.5,3.7,7.9,0.8,0.9,0.8,0,0
228,Ayo Dosunmu,20.48,SG,CHI,76,8.8,0.5,2.3,3,0.8,0.4,0.8,3.6,7.2,0.9,1.1,1.3,0,0
229,Bilal Coulibaly,20.37,SF,WAS,70,9.2,0.8,3.4,1.9,1.1,0.2,0.6,3.3,7.7,2,2.8,1.3,0.5,0
230,Bones Hyland,20.17,"PG,SG",LAC,67,10.7,0.3,2.3,2.9,0.6,0.3,2,3.6,9,1.5,1.8,1.3,0,0
231,Christian Wood,20.1,"PF,C",LAL,69,9.8,0.8,4.1,1.2,0.4,0.6,1,3.5,7,1.8,2.6,1.1,0.1,0
232,Christian Braun,19.96,SG,DEN,76,8.2,1.1,3,1.3,0.9,0.4,0.9,3.2,6.4,1,1.4,0.8,0,0
233,Gary Payton II,19.91,"PG,SG,SF",GS,70,6.7,1.1,2.4,1,1.3,0.3,0.6,2.8,4.6,0.5,0.7,0.6,0,0
234,Eric Gordon,19.9,"SG,SF",PHO,60,11.9,0.2,1.6,2.5,0.5,0.3,1.9,4.1,9,1.8,2.3,1.6,0,0
235,Jordan Goodwin,19.84,PG,PHO,72,6.7,0.9,2.4,2.8,1,0.4,0.6,2.6,5.8,0.9,1.1,0.9,0,0
236,Charles Bassey,19.7,C,SA,60,5.5,2,3.3,1.1,0.4,1,0.1,2.4,3.8,0.6,1,1,0,0
237,Kevin Love,19.61,"PF,C",MIA,62,9.3,0.9,4.9,1.7,0.3,0.2,1.8,3,7.3,1.5,1.8,1,0.2,0
238,Dyson Daniels,19.57,"PG,SG",NO,69,6.2,0.8,3.5,3.1,1,0.3,0.6,2.5,5.8,0.6,0.9,1.3,0,0
239,Taylor Hendricks,19.5,PF,UTA,72,8.8,1.1,4.5,1.7,0.4,0.4,0.8,3.2,7,1.6,2,1.2,0.1,0
240,Cedi Osman,19.31,"SF,PF",SA,60,10.3,0.4,2.7,1.8,0.7,0.2,1.8,3.7,8,1.2,1.7,0.9,0,0
241,Marvin Bagley III,19.04,"PF,C",DET,46,8.9,1.7,3.5,0.6,0.4,0.4,0.4,3.6,7.1,1.3,1.7,0.7,0.2,0
242,Grayson Allen,18.97,"SG,SF",PHO,70,9.1,0.6,2.4,1.7,0.7,0.2,2,3,7,1.1,1.3,0.7,0,0
243,Kenneth Lofton Jr.,18.88,"PF,C",MEM,44,9.7,1.5,2.6,1.6,0.4,0.2,0.5,3.9,7.5,1.3,2.2,1,0,0
244,Taurean Prince,18.81,"SF,PF",LAL,65,9.8,0.4,2.6,1.5,0.7,0.4,1.6,3.5,7.6,1.2,1.6,1.2,0,0
245,Julian Champagnie,18.68,"SF,PF",SA,68,10.4,0.6,3.2,0.6,0.4,0.3,2.1,3.7,8.2,0.9,1.1,0.7,0.1,0
246,Ricky Rubio,18.66,"PG,SG",CLE,38,7.5,0.3,2.3,4.1,0.9,0.2,1,2.5,7.1,1.4,1.7,1.5,0.1,0
247,Aleksej Pokusevski,18.6,"PF,C",OKC,50,7,1.1,3.4,1.8,0.6,0.8,0.9,2.8,6.6,0.5,0.8,1.3,0.1,0
248,Lonnie Walker IV,18.56,"SG,SF",BKN,67,11.5,0.3,2,1.7,0.6,0.3,1.5,4.2,9.9,1.6,1.9,0.9,0,0
249,Nickeil Alexander-Walker,18.53,"SG,SF",MIN,67,9.6,0.5,2.2,2.4,0.7,0.4,1.5,3.5,8.9,1.1,1.5,1.4,0,0
250,Keita Bates-Diop,18.36,"SF,PF",PHO,69,8.4,1.1,3,1.2,0.6,0.3,0.6,3.2,6.2,1.4,1.8,0.9,0,0
251,Gary Harris,18.32,"SG,SF",ORL,60,9.4,0.5,1.4,1.5,0.9,0.2,1.8,3.3,7.5,1,1.1,0.8,0,0
252,Dru Smith,18.3,"PG,SG",MIA,40,5.3,0.3,0.7,2.7,1.3,0.3,1.3,2,4,0,0,0.7,0,0
253,Cason Wallace,18.18,SG,OKC,66,8.4,0.5,1.5,3.1,0.8,0.2,0.9,3.3,7.5,1,1.3,1.3,0,0
254,Jaden Hardy,18.12,"PG,SG",DAL,69,11.5,0.3,2.1,1.8,0.5,0.2,1.7,4,9,1.8,2.2,1.3,0,0
255,Haywood Highsmith,18.06,"SF,PF",MIA,69,7.9,0.8,2.9,1,0.7,0.4,1.3,3.1,6.1,0.3,0.7,0.9,0,0
256,Jaime Jaquez Jr.,18.05,SF,MIA,70,9,0.7,2.3,1.8,0.8,0.2,0.5,3.4,7.1,1.7,2.3,0.9,0,0
257,Isaiah Joe,18.03,"PG,SG",OKC,70,10,0.3,2,1.2,0.6,0.1,2.3,3.3,7.6,1.1,1.3,0.6,0,0
258,Cameron Payne,17.84,PG,SA,68,8.3,0.3,1.8,3.7,0.5,0.2,1,3.2,7.7,0.9,1.1,1.4,0.1,0
259,Dominick Barlow,17.71,SF,SA,60,5.6,1.3,2.8,1.2,0.5,0.9,0.1,2.3,4.3,0.9,1.2,0.8,0.1,0
260,Thomas Bryant,17.55,C,MIA,60,7.9,1.1,3.4,0.6,0.2,0.5,0.4,3.1,5.2,1.3,1.7,0.6,0.1,0
261,Malaki Branham,17.49,"PG,SG,SF",SA,70,10.5,0.4,2.4,2,0.5,0.1,1.2,4.2,9.9,0.9,1.1,1.2,0,0
262,Dario Saric,17.42,"PF,C",GS,67,8.1,1.2,3.4,1.7,0.5,0.2,1,2.8,6.2,1.4,1.7,1.2,0,0
263,Kenyon Martin Jr.,17.21,SF,PHI,62,8.3,1,2.6,1.1,0.4,0.3,0.6,3.3,6,1.1,1.7,0.7,0.1,0
264,Collin Sexton,17,"PG,SG",UTA,62,11.1,0.7,1.2,2.1,0.5,0.1,0.8,3.9,8,2.5,3.1,1.5,0,0
265,Toumani Camara,17,PF,POR,40,6.3,2,2.6,1.3,0.6,0.7,0.7,2.1,6.4,1.3,1.7,0.9,0,0
266,AJ Griffin,16.93,"SG,SF",ATL,72,9.3,0.5,1.7,1.1,0.6,0.2,1.5,3.6,7.8,0.6,0.7,0.6,0,0
267,Leonard Miller,16.89,SF,MIN,68,7.5,1.1,3.7,1.3,0.4,0.3,0.6,2.8,6,1.2,1.7,0.9,0,0
268,MarJon Beauchamp,16.84,"SG,SF",MIL,72,8.7,1.2,2.5,1.1,0.7,0.2,1.5,3.1,7.3,0.9,1.2,1.5,0,0
269,Jaylin Williams,16.8,"PF,C",OKC,70,6,0.9,4.1,1.6,0.6,0.3,1,2.1,4.8,0.8,1.1,0.8,0,0
270,Naji Marshall,16.71,"SG,SF",NO,72,8.1,0.7,2.7,2,0.7,0.2,0.7,2.9,6.7,1.7,2.1,1.1,0,0
271,Sam Hauser,16.65,"SF,PF",BOS,76,7.5,0.5,2.5,1.1,0.4,0.3,2.1,2.7,5.8,0.2,0.2,0.4,0,0
272,Max Christie,16.52,"SG,SF",LAL,70,7.4,0.3,3.6,1.1,0.7,0.4,1.4,2.6,6,0.7,0.9,1,0,0
273,John Konchar,16.51,"SG,SF",MEM,72,4.7,1,3.2,1.4,0.8,0.3,0.7,1.8,3.8,0.4,0.6,0.4,0,0
274,Jalen McDaniels,16.27,"SF,PF",TOR,70,7.1,0.7,2.7,1.2,0.7,0.4,0.8,2.6,5.7,1.1,1.4,0.8,0,0
275,Eugene Omoruyi,16.2,"SF,PF",WAS,40,7.3,1,1.5,1,0.5,0.3,0.3,3,4,1,1.5,0.8,0,0
276,James Wiseman,16.15,C,DET,56,7.5,1.2,3.3,0.5,0.2,0.6,0.1,3.2,5.7,1.1,1.6,0.9,0.2,0
277,Jaden Springer,16.12,"PG,SG",PHI,58,5.8,0.9,1.2,1.1,0.9,0.7,0.3,2.4,4.7,0.8,1.1,0.5,0,0
278,P.J. Tucker,16.09,SF,LAC,73,5.2,1.3,3.2,1.4,0.6,0.2,0.9,2,4.2,0.4,0.5,0.7,0,0
279,Orlando Robinson,16.03,C,MIA,65,4.6,1.9,3.1,1,0.5,0.5,0,1.9,3.6,0.9,1.2,0.6,0,0
280,Shake Milton,15.92,"PG,SG",MIN,69,7.5,0.5,1.8,2.6,0.4,0.2,0.7,2.9,6.3,1.1,1.3,1,0,0
281,Ochai Agbaji,15.79,"PG,SG",UTA,68,9,0.8,1.5,1.3,0.3,0.3,1.6,3.2,7.4,1.1,1.3,0.8,0,0
282,Jae'Sean Tate,15.77,"SF,PF",HOU,64,6.9,1,2.1,1.8,0.5,0.3,0.4,2.7,5.5,1,1.5,1.1,0.1,0
283,Monte Morris,15.73,PG,DET,68,6.6,0.2,1.6,2.8,0.4,0.1,0.9,2.6,5.4,0.6,0.7,0.6,0,0
284,Gradey Dick,15.72,SG,TOR,72,8.5,0.3,1.9,1.2,0.6,0.1,2,2.7,6.6,1.1,1.3,0.6,0,0
285,Precious Achiuwa,15.29,"PF,C",TOR,64,6.6,1.4,3.1,0.7,0.4,0.4,0.5,2.6,5.7,0.9,1.4,0.8,0.1,0
286,Damion Lee,15.23,"SG,SF",PHO,69,8,0.5,2.7,1.2,0.5,0.1,1.3,2.8,6.2,1.2,1.3,0.9,0,0
287,Day'Ron Sharpe,15.18,C,BKN,50,5.2,2.2,2.2,0.7,0.3,0.6,0.1,2.2,3.9,0.7,1.2,0.9,0.1,0
288,Davion Mitchell,15.03,"PG,SG",SAC,78,7.1,0.3,1.2,2.7,0.5,0.2,0.9,2.9,6.7,0.4,0.6,1,0,0
289,Nassir Little,15.03,"SF,PF",PHO,58,6.8,0.7,2.6,0.9,0.4,0.5,1,2.5,5.5,0.9,1.2,0.7,0,0
290,Peyton Watson,15.01,"SG,SF",DEN,69,6.5,0.7,2.5,0.9,0.2,0.9,0.5,2.5,5.1,1,1.7,0.7,0,0
291,Johnny Davis,14.99,"SG,SF",WAS,63,8.2,0.5,2.5,1.3,0.5,0.4,1,3.2,7.8,0.8,1.2,0.8,0,0
292,Matt Ryan,14.9,SF,MIN,40,8.8,0.3,1.8,1.5,0.3,0.2,2.3,3,7.2,0.5,0.5,1.2,0,0
293,Payton Pritchard,14.83,"PG,SG",BOS,70,7.1,0.6,1.7,2.1,0.4,0.1,1.6,2.6,6.2,0.3,0.4,0.8,0,0
294,Chuma Okeke,14.8,"SF,PF",ORL,50,5.3,0.5,2.7,1.1,0.8,0.4,1,1.9,5,0.5,0.6,0.5,0,0
295,Jalen Smith,14.74,"PF,C",IND,44,6.3,1.3,2.7,0.5,0.2,0.6,0.5,2.4,4.9,1,1.4,0.7,0.1,0
296,Jett Howard,14.72,"SG,SF",ORL,60,8,0.3,1.8,1.1,0.6,0.1,1.9,2.6,6.1,1,1.2,0.5,0,0
297,Marcus Morris Sr.,14.7,"PF,C",PHI,40,8.3,0.3,2.4,1.2,0.4,0.2,1.1,3.1,7.2,1,1.3,0.7,0.1,0
298,Chris Duarte,14.64,SF,SAC,68,8.3,0.5,2.1,1.4,0.6,0.1,1.1,3,7.3,1.2,1.4,1,0,0
299,Troy Brown Jr.,14.64,"SF,PF",MIN,60,5.7,0.7,2.8,1.1,0.7,0.2,1.1,2.1,5,0.4,0.5,0.5,0,0
300,Seth Curry,14.63,"PG,SG",DAL,60,7.9,0.2,1.4,1.7,0.5,0.1,1.3,3,6.2,0.7,0.8,0.8,0,0
301,Trey Lyles,14.56,"PF,C",SAC,74,7.2,0.8,2.8,0.8,0.3,0.3,0.8,2.4,5.2,1.6,2,0.7,0,0
302,T.J. McConnell,14.55,PG,IND,58,4.9,0.4,1.5,3,0.6,0.1,0.2,2.2,4.1,0.4,0.5,1,0.1,0
303,Isaac Okoro,14.54,"SG,SF",CLE,70,6.3,0.7,1.5,1.2,0.7,0.3,0.7,2.2,4.6,1.2,1.5,0.6,0,0
304,Jock Landale,14.52,C,HOU,68,6.2,1.6,2,1,0.2,0.4,0.4,2.4,4.7,1,1.3,0.8,0,0
305,Cam Reddish,14.5,"SF,PF",LAL,68,8.2,0.4,1.4,1,0.8,0.3,1,2.8,6.7,1.5,1.7,1,0,0
306,Armoni Brooks,14.5,PG,BKN,40,8.5,0,1,0,0,0,2.5,3,3.5,0,0,0,0,0
307,Alec Burks,14.37,"PG,SG,SF",DET,64,7.1,0.3,2.2,1.6,0.6,0.2,1.1,2.2,5.3,1.7,2,0.7,0,0
308,Torrey Craig,14.28,"SF,PF",CHI,70,5.1,1.1,2.4,1,0.5,0.5,0.8,2,4.4,0.3,0.5,0.7,0.1,0
309,Ryan Rollins,14.2,PG,WAS,40,5.3,0.3,1,1.8,1,0.5,0.3,1,2.8,3,3.8,0.5,0,0
310,Ousmane Dieng,14.07,"SF,PF",OKC,64,6.4,0.6,2.7,1.5,0.5,0.2,0.8,2.5,5.9,0.5,0.7,0.8,0,0
311,Zeke Nnaji,14.01,"PF,C",DEN,63,6.3,1.4,1.9,0.4,0.4,0.4,0.6,2.4,4.4,0.9,1.5,0.6,0,0
312,Aaron Nesmith,13.87,"SF,PF",IND,47,7,0.6,2.2,0.9,0.6,0.3,1.1,2.4,5.8,1.1,1.3,0.8,0,0
313,Christian Koloko,13.86,C,TOR,60,3.4,1.6,1.6,0.6,0.4,1.1,0,1.3,2.8,0.7,1.1,0.4,0,0
314,Georges Niang,13.78,PF,CLE,73,7.7,0.3,2,1,0.3,0.2,1.8,2.7,6.1,0.5,0.6,0.7,0,0
315,JT Thor,13.7,PF,CHA,40,4.3,0.7,2.7,0.8,0.7,0.3,0.7,1.8,4,0,0,0.3,0,0
316,Olivier-Maxence Prosper,13.69,PF,DAL,61,7.2,0.5,2.4,0.6,0.6,0.2,0.5,3,6.8,0.7,1,0.6,0,0
317,Dwight Powell,13.61,C,DAL,74,5.4,1.4,1.7,0.7,0.4,0.3,0.1,2,2.9,1.2,1.7,0.6,0,0
318,Danilo Gallinari,13.56,SF,WAS,40,7.4,0.3,2.6,1,0.3,0.1,1.1,2.5,5.7,1.4,1.5,0.4,0,0
319,David Roddy,13.56,"SF,PF",MEM,70,7.1,0.8,2.2,0.9,0.4,0.3,1,2.8,6.4,0.6,1,0.9,0,0
320,Kris Murray,13.41,"SF,PF",POR,70,6.8,0.5,1.8,0.9,0.5,0.3,0.8,2.1,4.7,1.8,2.4,0.6,0,0
321,Isaiah Livers,13.3,"SF,PF",DET,60,5.7,0.5,1.9,0.8,0.5,0.4,1.2,2,4.6,0.5,0.7,0.6,0,0
322,Joe Ingles,13.19,"SF,PF",ORL,60,5,0.2,1.8,2.4,0.4,0.1,1.3,1.8,4.2,0.3,0.3,0.8,0,0
323,Jalen Hood-Schifino,13.05,"PG,SG",LAL,50,6.6,0.2,1.1,2.7,0.4,0.2,1,2.3,5.7,1.1,1.4,1,0,0
324,Jamal Cain,13,"SF,PF",MIA,40,4,1.5,1.5,0,1.5,0,0,2,4.5,0,0,0.5,0,0
325,Duncan Robinson,12.93,"SG,SF",MIA,59,7.4,0.2,1.6,1.2,0.4,0.1,1.9,2.5,6.3,0.5,0.6,0.6,0,0
326,Yuta Watanabe,12.9,"SF,PF",PHO,58,5.5,0.6,2.1,0.8,0.4,0.4,1,1.9,4.2,0.7,1,0.5,0,0
327,Nikola Jovic,12.86,"PF,C",MIA,64,7,0.7,1.8,0.8,0.6,0.2,0.7,2.4,5.7,1.5,1.7,0.8,0,0
328,Dean Wade,12.8,"SF,PF",CLE,58,4.6,0.5,2.4,0.9,0.6,0.3,0.9,1.7,3.9,0.3,0.5,0.3,0,0
329,Mo Bamba,12.71,C,PHI,50,4.4,0.8,2.4,0.5,0.2,0.7,0.6,1.7,3.5,0.4,0.6,0.4,0.2,0
330,Josh Minott,12.66,"SF,PF",MIN,22,4.8,0.5,2.1,0.5,0.4,0.6,0.2,1.9,4,0.8,1,0.3,0.1,0
331,Montrezl Harrell,12.6,C,PHI,40,5.7,1,1.7,0.8,0.2,0.3,0,2.2,3.5,1.3,1.8,0.5,0.1,0
332,Cory Joseph,12.55,"PG,SG",GS,68,5.1,0.3,1.2,2.5,0.4,0.1,0.7,1.8,4.1,0.9,1,0.8,0,0
333,Jaxson Hayes,12.48,"PF,C",LAL,67,5.4,0.9,1.8,0.5,0.3,0.5,0.1,2,3.4,1.2,1.6,0.5,0,0
334,Nicolas Batum,12.36,"SF,PF",PHI,37,4.3,0.4,2.1,1,0.5,0.4,1,1.5,3.4,0.3,0.4,0.4,0,0
335,Jordan McLaughlin,12.13,PG,MIN,38,3.2,0.3,1,2.7,0.7,0.1,0.4,1.2,2.8,0.4,0.5,0.6,0,0
336,Steven Adams,12.13,C,MEM,4,2.9,1.8,2.2,1.1,0.3,0.3,0,1.2,2.1,0.5,1.1,0.6,0,0
337,Jacob Gilyard,12.03,PG,MEM,40,4.9,0,2.2,2.6,0.4,0.2,0.8,1.8,4,0.5,0.7,1.4,0,0
338,Danuel House Jr.,12.01,SF,PHI,68,5.8,0.3,2,1,0.4,0.3,0.9,1.9,4.2,1,1.3,0.7,0,0
339,Bruno Fernando,11.86,C,ATL,30,4,1.2,2,0.6,0.1,0.7,0,1.6,2.8,0.8,1.2,0.6,0,0
340,Vasilije Micic,11.64,PG,OKC,60,5.2,0.2,1.1,2.1,0.4,0.1,0.7,2,4.6,0.5,0.7,0.6,0,0
341,DeAndre Jordan,11.57,C,DEN,33,3.5,1.2,2.9,0.5,0.2,0.5,0,1.6,2.2,0.4,0.8,0.7,0,0
342,Cam Whitmore,11.55,SF,HOU,52,6.3,0.4,1.9,0.5,0.3,0.2,1.1,2.4,5,0.5,0.8,0.5,0,0
343,Ish Wainright,11.55,"SF,PF",PHO,45,4.1,0.8,1.4,0.8,0.7,0.3,0.9,1.4,3.8,0.4,0.5,0.4,0,0
344,Olivier Sarr,11.5,C,OKC,40,1.5,0.8,3.8,0.3,0,1.3,0,0.3,0.3,1,1.5,0.5,0,0
345,Moses Moody,11.48,"SG,SF",GS,68,6,0.5,1.6,0.8,0.3,0.2,1,2.1,4.7,0.7,1,0.5,0,0
346,Dennis Smith Jr.,11.45,"PG,SG",BKN,43,3.9,0.3,1.2,2.3,0.7,0.2,0.2,1.5,3.7,0.7,1,0.8,0,0
347,Trendon Watford,11.29,PF,BKN,48,4.7,0.6,1.9,1.2,0.3,0.2,0.2,1.8,3.3,0.8,1.1,0.7,0.1,0
348,Damian Jones,11.26,C,CLE,62,4.2,0.8,1.8,0.6,0.2,0.5,0.1,1.6,2.5,0.8,1.1,0.6,0,0
349,Joe Harris,11.25,"SG,SF",DET,58,5.7,0.2,1.5,0.9,0.3,0.1,1.4,2,4.5,0.2,0.3,0.5,0,0
350,Otto Porter Jr.,11.2,"SG,SF",TOR,30,3.8,0.6,2,0.7,0.5,0.2,0.6,1.4,3,0.4,0.5,0.3,0.1,0
351,Reggie Bullock,11.13,"SF,PF",SA,62,5,0.3,2,0.8,0.4,0.1,1.3,1.7,4.3,0.3,0.4,0.3,0,0
352,Jake LaRavia,11.05,"SF,PF",MEM,68,4.6,0.8,1.8,0.9,0.5,0.2,1,1.7,3.9,0.3,0.4,0.7,0,0
353,Doug McDermott,11.02,"SF,PF",SA,40,7.1,0.2,1.2,0.9,0.2,0.1,1.3,2.6,5.7,0.5,0.7,0.6,0,0
354,Tristan Thompson,11,PF,CLE,40,3.4,1.6,2,0.6,0,0.6,0,1.4,2,0.6,1,0.8,0,0
355,Jordan Walsh,10.99,SF,BOS,60,6.3,0.4,1.5,1.3,0.5,0.1,0.6,2.3,5.4,1.1,1.5,1.2,0.2,0
356,Mike Muscala,10.98,"PF,C",WAS,30,5,0.4,1.9,0.5,0.2,0.3,1,1.7,3.7,0.6,0.7,0.3,0,0
357,Danny Green,10.97,SG,PHI,30,4.2,0.3,1.3,0.7,0.7,0.4,1.2,1.4,3.6,0.1,0.2,0.5,0,0
358,Dalen Terry,10.86,"SG,SF",CHI,48,4.2,0.6,1.2,1.1,0.6,0.3,0.4,1.6,3.6,0.7,1,0.4,0,0
359,Bol Bol,10.84,"PF,C",PHO,40,4.4,0.5,2.3,0.5,0.2,0.6,0.2,1.8,3.3,0.6,0.7,0.8,0.1,0
360,Neemias Queta,10.83,C,SAC,40,4,1.3,1.6,0.5,0.1,0.7,0,1.6,3.3,0.8,1.3,0.5,0,0
361,Derrick Jones Jr.,10.8,SF,DAL,54,4.1,0.8,1.4,0.4,0.4,0.5,0.3,1.5,2.9,0.8,1.1,0.4,0,0
362,Justin Holiday,10.79,"SG,SF",DEN,68,5.4,0.2,1.2,1,0.4,0.3,1.3,1.9,4.9,0.3,0.4,0.5,0,0
363,Chimezie Metu,10.78,"PF,C",PHO,40,4.6,0.4,2.4,0.5,0.4,0.3,0.4,1.8,3.6,0.7,0.9,0.5,0.1,0
364,Usman Garuba,10.72,"PF,C",OKC,26,2.4,1.2,2.2,0.7,0.5,0.4,0.3,0.9,1.9,0.3,0.5,0.5,0,0
365,Vince Williams Jr.,10.7,SG,MEM,40,4,0,1.3,1.3,0.3,1,0.3,0.7,2.3,2.3,2.7,0.7,0,0
366,Aaron Wiggins,10.69,"SG,SF",OKC,60,5.1,0.7,1.5,0.8,0.4,0.1,0.5,1.9,4,0.7,0.9,0.6,0,0
367,JaVale McGee,10.6,C,DAL,10,4.2,0.9,2,0.3,0.1,0.5,0,1.8,2.9,0.6,0.9,0.7,0.1,0
368,Kobe Brown,10.56,PF,LAC,30,6,0.4,1.7,0.4,0.3,0.2,1,2.2,4.9,0.5,0.7,0.4,0,0
369,Luke Kornet,10.49,C,BOS,54,3.1,1.1,1.3,0.7,0.2,0.5,0,1.3,2.1,0.4,0.5,0.3,0,0
370,Théo Maledon,10.4,PG,CHA,40,5.5,0.2,1.8,2,0.8,0,0.3,1.8,5.8,1.5,1.7,1.2,0,0
371,Aleksandar Vezenkov,10.39,PF,SAC,68,5.6,0.3,1.3,1,0.4,0.1,1.2,2,4.6,0.4,0.6,0.6,0,0
372,Saben Lee,10.31,PG,PHO,10,3.9,0.3,1.1,1.9,0.6,0.1,0.3,1.3,3.2,1.1,1.4,0.6,0,0
373,Derrick Rose,10.19,PG,MEM,20,5,0.3,1,1.6,0.3,0.2,0.6,2,4.6,0.4,0.5,0.7,0,0
374,Ömer Yurtseven,10.19,C,UTA,30,3.6,1,2.4,0.6,0.2,0.2,0,1.6,2.9,0.5,0.7,0.5,0.1,0
375,Isaiah Mobley,10.13,"PF,C",CLE,11,3.7,0.5,1.9,0.4,0.5,0.4,0.4,1.5,3.4,0.5,0.7,0.1,0,0
376,Darius Bazley,10,"PF,C",BKN,33,4.2,0.4,2,0.6,0.3,0.4,0.4,1.6,3.5,0.7,1,0.5,0.1,0
377,Chris Livingston,10,SF,MIL,40,5,0,0,1,0,0,1,2,2,0,0,0,0,0
378,Devonte' Graham,9.84,"PG,SG",SA,20,4.7,0.2,0.8,1.7,0.4,0.1,1,1.5,4.1,0.7,0.9,0.5,0,0
379,Hunter Tyson,9.81,PF,DEN,67,5.6,0.4,1.6,0.4,0.2,0.2,0.9,2.1,4.7,0.5,0.6,0.4,0,0
380,Robin Lopez,9.71,C,MIL,68,4.5,1.1,1.1,0.9,0.1,0.3,0.1,2,3.4,0.6,0.9,0.9,0,0
381,Trayce Jackson-Davis,9.65,PF,GS,58,3.8,0.7,1.5,1.4,0.2,0.2,0,1.5,2.7,0.8,1.2,0.6,0,0
382,Nerlens Noel,9.64,C,SAC,38,1.7,0.8,1.8,0.5,0.6,0.6,0,0.6,1.3,0.4,0.6,0.5,0,0
383,Jericho Sims,9.44,"PF,C",NY,31,2.1,1.3,2,0.4,0.2,0.4,0,1,1.3,0.2,0.4,0.4,0,0
384,Malachi Flynn,9.44,PG,TOR,60,4.3,0.3,1.1,1.4,0.4,0.1,0.8,1.6,4.2,0.4,0.6,0.4,0,0
385,Bryce McGowens,9.38,"SG,SF",CHA,64,5.4,0.4,1.6,1.2,0.3,0.1,0.6,1.8,4.4,1.3,1.8,0.9,0,0
386,Oshae Brissett,9.38,"SF,PF",BOS,58,4.3,0.7,1.7,0.5,0.3,0.2,0.6,1.4,3.5,0.9,1.3,0.4,0.1,0
387,Ty Jerome,9.37,"PG,SG",CLE,40,4.3,0.2,0.9,1.6,0.4,0.1,0.6,1.6,3.7,0.5,0.6,0.4,0,0
388,Thaddeus Young,9.29,"PF,C",TOR,20,2.9,0.8,1.2,0.9,0.6,0.1,0.1,1.3,2.4,0.2,0.4,0.5,0,0
389,Kira Lewis Jr.,9.24,PG,NO,33,4.7,0.3,1.1,1.3,0.4,0.1,0.5,1.8,4.3,0.5,0.6,0.7,0,0
390,Micah Potter,9.24,"PF,C",UTA,10,3.7,0.7,1.8,0.4,0.2,0.1,0.4,1.5,2.7,0.2,0.3,0.3,0.1,0
391,Jabari Walker,9.21,"SF,PF",POR,68,4.2,0.9,1.5,0.6,0.2,0.2,0.3,1.7,3.7,0.6,0.8,0.5,0,0
392,Kai Jones,9.16,"PF,C",CHA,40,3.1,0.7,1.6,0.3,0.3,0.6,0.1,1.3,2.3,0.4,0.6,0.6,0,0
393,Udoka Azubuike,9.08,C,PHO,10,3.1,0.8,2.2,0.2,0.1,0.4,0,1.5,1.9,0.2,0.5,0.5,0,0
394,Lamar Stevens,9,PF,BOS,40,4.5,2,0,1,0,0,0.5,2,3,0,0,1.5,0,0
395,Noah Clowney,8.92,PF,BKN,33,4.2,0.4,2.2,0.7,0.2,0.2,0.4,1.6,3.2,0.7,1,0.5,0,0
396,Emoni Bates,8.74,SF,CLE,22,5,0.4,1.6,0.4,0.2,0.2,0.9,1.8,4.5,0.5,0.6,0.4,0,0
397,Cody Zeller,8.72,C,NO,33,3.5,1.1,1.7,0.5,0.2,0.2,0,1.3,2.2,0.9,1.3,0.5,0,0
398,Landry Shamet,8.5,"PG,SG",WAS,50,4.7,0.1,0.9,1,0.3,0.1,1,1.6,4,0.6,0.7,0.4,0,0
399,Svi Mykhailiuk,8.5,SF,BOS,40,4,0,1.5,0.5,0.5,0,1,1.5,4,0,0,0,0,0
400,Simone Fontecchio,8.46,SF,UTA,40,5.4,0.5,0.9,0.7,0.3,0.1,1,1.9,5.1,0.6,0.7,0.6,0,0
401,Ibou Badji,8.42,C,POR,50,2.9,0.7,2,0.9,0.3,0.5,0,1.1,3,0.8,1.3,0.7,0,0
402,Alex Len,8.41,C,SAC,30,3,0.8,1.6,0.6,0.2,0.4,0.1,1.2,2.2,0.6,0.9,0.6,0,0
403,Tre Mann,8.38,"PG,SG",OKC,26,4.7,0.2,1.1,0.9,0.4,0.1,0.7,1.8,4.5,0.4,0.6,0.6,0,0
404,Frank Ntilikina,8.38,PG,CHA,32,3.7,0.2,1.2,1.2,0.4,0.1,0.5,1.3,3.5,0.5,0.6,0.6,0,0
405,Garrison Mathews,8.3,"SG,SF",ATL,30,4.4,0.2,1.1,0.4,0.4,0.1,1,1.2,3.2,0.9,1.1,0.3,0,0
406,Keon Johnson,8.3,"PG,SG",PHO,44,4.3,0.3,0.9,1.3,0.4,0.2,0.6,1.5,4.3,0.7,0.9,0.8,0,0
407,Brice Sensabaugh,8.23,SF,UTA,40,4.6,0.3,1.4,0.4,0.2,0.1,0.8,1.7,3.8,0.4,0.6,0.3,0,0
408,Skylar Mays,8.1,SG,POR,40,4.2,0.2,0.3,1.3,0.7,0,0.5,1.5,4.7,0.7,0.7,0.5,0,0
409,Julian Strawther,8.05,SF,DEN,38,4.6,0.3,1.4,0.4,0.2,0.1,0.8,1.7,3.9,0.4,0.6,0.3,0,0
410,Boban Marjanovic,8,C,HOU,40,4,0,0,1,0,0,0,2,2,0,0,0,0,0
411,Cole Swider,8,"SF,PF",MIA,40,5,0,1,0,0,0,1,2,3,0,0,0,0,0
412,Davis Bertans,8,"PF,C",OKC,40,6,0,1,0,0,0,1,1,2,3,3,0,0,0
413,Patrick Baldwin Jr.,7.95,"SF,PF",WAS,40,4.6,0,1.5,0.4,0.2,0.2,1.2,1.6,4.1,0.2,0.2,0.4,0,0
414,Brandin Podziemski,7.95,SG,GS,60,4.4,0.1,1.2,1.3,0.2,0.1,0.4,1.5,3.3,1,1.4,0.6,0,0
415,Jeff Green,7.87,"PF,C",HOU,40,4.4,0.3,1.1,0.6,0.2,0.2,0.3,1.6,3.1,0.9,1.1,0.4,0,0
416,Dalano Banton,7.84,"PG,SG",BOS,44,3,0.4,1.1,1.2,0.4,0.2,0.2,1.2,2.9,0.4,0.6,0.6,0,0
417,Kessler Edwards,7.79,"SG,SF",SAC,40,3.1,0.5,1.4,0.4,0.4,0.2,0.5,1.2,2.9,0.2,0.3,0.5,0,0
418,Daniel Theis,7.75,C,IND,20,3.3,0.5,1.4,0.4,0.2,0.3,0.3,1.3,2.5,0.4,0.6,0.4,0.1,0
419,Patty Mills,7.47,PG,ATL,20,4.2,0.1,0.6,0.9,0.2,0.1,1,1.5,3.6,0.3,0.3,0.4,0,0
420,Kobe Bufkin,7.45,SG,ATL,67,4.4,0.1,0.7,0.9,0.2,0.2,0.2,1.5,3.2,1.2,1.5,0.5,0,0
421,JD Davison,7.45,"PG,SG",BOS,23,2.5,0.3,0.9,1.4,0.3,0.3,0.3,1,2.5,0.1,0.3,0.5,0,0
422,Jeremiah Robinson-Earl,7.43,"PF,C",OKC,30,2.9,0.7,1.4,0.4,0.2,0.1,0.4,1.1,2.6,0.3,0.4,0.3,0,0
423,James Bouknight,7.43,SG,CHA,53,4.3,0.4,1.2,0.9,0.3,0.1,0.7,1.5,4.3,0.6,0.8,0.6,0,0
424,Furkan Korkmaz,7.42,"SG,SF",PHI,50,3.9,0.2,1.2,0.9,0.3,0.1,0.6,1.4,3.5,0.6,0.7,0.4,0,0
425,Rayan Rupert,7.21,SG,POR,30,3.5,0.2,0.9,1.1,0.3,0.2,0.3,1.3,3.2,0.6,0.8,0.6,0,0
426,Dante Exum,7.19,PG,DAL,38,3.2,0.3,0.8,1.3,0.4,0.1,0.1,1.3,3.2,0.5,0.7,0.7,0,0
427,Aaron Holiday,7.07,"PG,SG",HOU,30,3,0.2,0.7,1.1,0.4,0.1,0.3,1.1,2.5,0.4,0.5,0.5,0,0
428,Miles McBride,7.03,PG,NY,50,2.9,0.2,0.7,1.1,0.5,0.1,0.5,1,3,0.3,0.5,0.3,0,0
429,Moussa Diabate,7,"PF,C",LAC,40,1.3,1,0,1.3,0.7,0,0,0.7,1.7,0,0,0.7,0,0
430,Ben Sheppard,7,"SG,SF",IND,40,3,0.5,0.5,1,0,0,1,1,2.5,0,0,0,0,0
431,Sandro Mamukelashvili,7,C,SA,40,0,1,1,0,1,0,0,0,0,0,0,0,0,0
432,Admiral Schofield,6.99,"SF,PF",ORL,30,3.3,0.4,1.2,0.6,0.1,0.1,0.6,1.2,2.8,0.4,0.4,0.4,0,0
433,Sam Merrill,6.96,SG,CLE,20,3.7,0.1,1.1,0.7,0.3,0,0.9,1.2,3.4,0.3,0.4,0.2,0,0
434,Wesley Matthews,6.95,SG,ATL,34,2.9,0.4,1,0.5,0.3,0.1,0.6,1,2.6,0.3,0.4,0.3,0,0
435,AJ Green,6.9,"PG,SG",MIL,30,3.8,0.2,1,0.5,0.2,0,1.1,1.3,3.1,0.1,0.1,0.2,0,0
436,A.J. Lawson,6.9,"SG,SF,PF",DAL,10,4.1,0.4,1,0.1,0.1,0,0.7,1.5,3,0.4,0.6,0.2,0,0
437,Nick Smith Jr.,6.86,"PG,SG",CHA,52,3.8,0.2,0.7,1,0.2,0.1,0.5,1.5,3.5,0.4,0.6,0.4,0,0
438,Thanasis Antetokounmpo,6.66,SF,MIL,30,2.8,0.7,1.1,0.5,0.2,0.2,0,1.1,2.2,0.5,0.9,0.5,0,0
439,Anthony Gill,6.59,"PF,C",WAS,30,2.9,0.6,0.9,0.5,0.1,0.2,0.1,1,1.9,0.7,0.9,0.3,0,0
440,Kevon Harris,5.73,SG,ORL,10,2.6,0.5,0.8,0.3,0.3,0.1,0.3,0.9,2,0.6,0.8,0.4,0,0
441,Luka Samanic,5.7,PF,UTA,40,3.3,0,1,0,0.3,0,0.3,1.3,2.7,0.3,0.3,0,0,0
442,Colby Jones,5.5,SG,SAC,40,2.3,0.5,1.3,0.3,0.3,0.3,0.3,1,2.8,0,0,0.8,0,0
443,Caleb Houstan,5.48,"SG,SF",ORL,40,2.5,0.4,0.8,0.4,0.2,0.1,0.6,0.9,2.4,0.2,0.2,0.2,0,0
444,Jalen Pickett,5.31,SG,DEN,28,2.4,0.1,0.5,0.7,0.2,0.1,0.3,0.9,1.9,0.3,0.4,0.3,0,0
445,Jay Huff,5.23,C,DEN,10,2,0.3,0.7,0.4,0.2,0.2,0.2,0.6,1.1,0.6,0.6,0.2,0,0
446,Lester Quinones,5,SG,GS,40,5,0,0,0,0,0,1,2,3,0,0,1,0,0
447,Jeenathan Williams,5,SG,HOU,40,4,0,0,0,0,0,0,2,3,0,0,0,0,0
448,Braxton Key,4.92,SF,DEN,10,1.8,0.3,0.8,0.2,0.2,0.2,0.1,0.7,1.6,0.2,0.3,0.2,0,0
449,Blake Wesley,4.91,"PG,SG",SA,10,2.3,0.1,0.9,1.3,0.3,0.1,0.3,0.9,2.7,0.3,0.6,0.8,0,0
450,Terry Taylor,4.82,PF,CHI,10,2,0.6,0.5,0.3,0.1,0.1,0.1,0.9,1.5,0.2,0.3,0.2,0,0
451,Collin Gillespie,4.6,PG,DEN,40,1.7,0,0.3,0.7,0.3,0,0.3,0.7,1.7,0,0,0,0,0
452,Andre Jackson,4.59,SG,MIL,58,2.3,0.1,0.5,0.7,0.2,0.1,0.2,0.9,2,0.4,0.5,0.3,0,0
453,Luka Garza,4,C,MIN,40,2,0,1,0,0,0,0,1,1,0,0,0,0,0
454,DaQuan Jeffries,4,SG,NY,40,2.5,0,0.5,0,0,0,0.5,1,1.5,0,0,0,0,0
455,Jordan Nwora,3.96,"SF,PF",IND,12,2.1,0.2,0.7,0.3,0.1,0.1,0.3,0.8,1.9,0.2,0.3,0.3,0,0
456,Dylan Windler,3.5,SF,NY,40,1.5,0,0.5,0.5,0,0,0.5,0.5,1,0,0,0,0,0
457,Jordan Miller,3.5,SF,LAC,40,2.5,0,0,0,0,0,0.5,1,1.5,0,0,0,0,0
458,Daishen Nix,3.5,PG,MIN,40,1,0,0,0,0.5,0,0,0.5,0.5,0,0,0,0,0
459,Dariq Whitehead,3.22,"SG,SF",BKN,30,2.1,0.1,0.3,0.4,0.1,0,0.3,0.8,1.9,0.3,0.4,0.3,0,0
460,Garrett Temple,2.5,SG,TOR,40,2,0,0,0,0,0,0,0.5,0.5,1,1,0,0,0
461,Dereon Seabron,2,"SG,SF",NO,40,2,0,0,1,0,0,0,0,2,2,2,0,0,0
462,Jalen Wilson,2,PF,BKN,40,0,0,0.5,0,0,0.5,0,0,0.5,0,0,0,0,0
463,TyTy Washington Jr.,2,PG,OKC,40,3,0,0,0,0,0,1,1,2,0,0,1,0,0
464,Trent Forrest,2,PG,ATL,40,0,0,0,1,0,0,0,0,0,0,0,0,0,0
465,Mouhamed Gueye,1.5,PF,ATL,40,0,0,0,0,0.5,0,0,0,0.5,0,0,0,0,0
466,Keon Ellis,1.5,"SG,SF",SAC,40,0,0,0,0,0.5,0,0,0,0.5,0,0,0,0,0
467,Ryan Arcidiacono,1,PG,NY,40,0,0,1,0,0,0,0,0,0,0,0,0,0,0
468,Filip Petrusev,1,C,LAC,40,0,0,1,0,0,0,0,0,0,0,0,0,0,0
469,Jared Butler,1,SG,WAS,40,1.5,0,0,0.5,0,0,0.5,0.5,2,0,0,0.5,0,0
470,Jerome Robinson,1,"PG,SG",GS,40,0,1,1,0,0,0,0,0,2,0,0,0,0,0
471,EJ Liddell,0.5,PF,NO,40,0,0,1,0,0,0,0,0,0.5,0,0,0,0,0
472,Jared Rhoden,0.5,"SG,SF",DET,40,0,0,0.5,0,0,0,0,0,0,0,0,0,0,0
473,Jordan Ford,0.5,PG,SAC,40,1,0,0,0,0,0,0,0,0.5,1,1,0,0,0
474,Stanley Umude,0.4,SG,DET,40,0,0,0.4,0,0.2,0,0,0,0.8,0,0,0,0,0
475,Amir Coffey,0.3,"SG,SF",LAC,40,0.7,0,0.3,0.7,0,0,0,0,0.7,0.7,0.7,0.7,0,0
476,Nate Hinton,0,SG,HOU,40,0,0,0,0,0,0,0,0,0,0,0,0,0,0
477,Gregory Jackson,0,PF,MEM,40,0,0,0,0,0,0,0,0,0,0,0,0,0,0
478,Julian Phillips,0,SF,CHI,40,0,0,0,0,0,0,0,0,0,0,0,0,0,0
479,Lindy Waters III,-0.3,"SG,SF,PF",OKC,40,0,0,0,0,0,0,0,0,0.3,0,0,0,0,0
480,R.J. Hampton,-1,"PG,SG",MIA,40,0,0,0,0,0,0,0,0,1,0,0,0,0,0
481,Keyontae Johnson,-1,SF,OKC,40,0,0,0,0,0,0,0,0,1,0,0,0,0,0
482,Maxwell Lewis,-1,SF,LAL,40,0,0,0,0,0,0,0,0,0,0,0,0.5,0,0
483,Ish Smith,-2,PG,CHA,40,0,0,0,0,0,0,0,0,0,0,0,1,0,0